{"timestamps": [1473069210.042217, 1473069210.47533, 1473069210.493696, 1473069210.494135, 1473069210.494527, 1473069210.494854, 1473069210.49555, 1473069210.496154, 1473069210.84209, 1473069210.85757, 1473069210.858901, 1473069210.859354, 1473069210.860315, 1473069210.860676, 1473069210.861184, 1473069210.861548, 1473069210.861935, 1473069210.862339, 1473069210.86271, 1473069210.863079, 1473069210.863462, 1473069210.863854, 1473069210.864266, 1473069210.864645, 1473069210.866189, 1473069211.222339], "initial_reset_timestamp": 1473069209.491836, "episode_lengths": [9, 12, 16, 12, 11, 9, 60, 51, 10, 58, 147, 22, 96, 10, 31, 9, 13, 15, 10, 9, 9, 9, 8, 9, 10, 66], "episode_rewards": [9.0, 12.0, 16.0, 12.0, 11.0, 9.0, 60.0, 51.0, 10.0, 58.0, 147.0, 22.0, 96.0, 10.0, 31.0, 9.0, 13.0, 15.0, 10.0, 9.0, 9.0, 9.0, 8.0, 9.0, 10.0, 66.0]}